time,0,0,0,60,60,60
index,Hf,Ht,ACI,Hf,Ht,ACI
frequencies,,,,,,
0.0,0.04809253113478895,0.9386921014680568,0.8094902677231027,0.1386934512505763,0.9488905583613941,0.8084652288182818
43.06640625,0.04809253113478895,0.9386921014680568,0.5805444264603377,0.1386934512505763,0.9488905583613941,0.5718686891804936
86.1328125,0.04809253113478895,0.9386921014680568,0.6142772228116565,0.1386934512505763,0.9488905583613941,0.6299006923515224
129.19921875,0.04809253113478895,0.9386921014680568,0.6124424421829004,0.1386934512505763,0.9488905583613941,0.620165261268695
172.265625,0.04809253113478895,0.9386921014680568,0.6451838235056895,0.1386934512505763,0.9488905583613941,0.6226149375402745
215.33203125,0.04809253113478895,0.9386921014680568,0.6508983518351871,0.1386934512505763,0.9488905583613941,0.6347476526600241
258.3984375,0.04809253113478895,0.9386921014680568,0.6295284317364577,0.1386934512505763,0.9488905583613941,0.6149265470788627
301.46484375,0.04809253113478895,0.9386921014680568,0.6601641866942669,0.1386934512505763,0.9488905583613941,0.6374367220995408
344.53125,0.04809253113478895,0.9386921014680568,0.6163841799922423,0.1386934512505763,0.9488905583613941,0.6111144629010442
387.59765625,0.04809253113478895,0.9386921014680568,0.7108433923839284,0.1386934512505763,0.9488905583613941,0.6808402491584222
430.6640625,0.04809253113478895,0.9386921014680568,0.8996238246072711,0.1386934512505763,0.9488905583613941,0.8802296049541839
473.73046875,0.04809253113478895,0.9386921014680568,1.0201235013672694,0.1386934512505763,0.9488905583613941,1.005389347870645
516.796875,0.04809253113478895,0.9386921014680568,1.0114010886938682,0.1386934512505763,0.9488905583613941,0.9610051342578492
559.86328125,0.04809253113478895,0.9386921014680568,1.3116441840766466,0.1386934512505763,0.9488905583613941,1.234622678757904
602.9296875,0.04809253113478895,0.9386921014680568,1.4114541935803793,0.1386934512505763,0.9488905583613941,1.3670982842350499
645.99609375,0.04809253113478895,0.9386921014680568,0.947134044883499,0.1386934512505763,0.9488905583613941,0.9360884919348776
689.0625,0.04809253113478895,0.9386921014680568,0.8299428719824269,0.1386934512505763,0.9488905583613941,0.8657191438952375
732.12890625,0.04809253113478895,0.9386921014680568,0.6863320183626237,0.1386934512505763,0.9488905583613941,0.7507236921191595
775.1953125,0.04809253113478895,0.9386921014680568,0.6409538956214433,0.1386934512505763,0.9488905583613941,0.6510204352087712
818.26171875,0.04809253113478895,0.9386921014680568,0.6382213188053375,0.1386934512505763,0.9488905583613941,0.6493050294274438
861.328125,0.04809253113478895,0.9386921014680568,0.6068460368128983,0.1386934512505763,0.9488905583613941,0.632391340555599
904.39453125,0.04809253113478895,0.9386921014680568,0.616563207657856,0.1386934512505763,0.9488905583613941,0.6324788204770366
947.4609375,0.04809253113478895,0.9386921014680568,0.6613134513094964,0.1386934512505763,0.9488905583613941,0.6244774785989178
990.52734375,0.04809253113478895,0.9386921014680568,0.6401661295356189,0.1386934512505763,0.9488905583613941,0.6524311086626421
1033.59375,0.04809253113478895,0.9386921014680568,0.6440236910584706,0.1386934512505763,0.9488905583613941,0.6549086578914993
1076.66015625,0.04809253113478895,0.9386921014680568,0.6889752995667873,0.1386934512505763,0.9488905583613941,0.6495044638714235
1119.7265625,0.04809253113478895,0.9386921014680568,0.6776999342381768,0.1386934512505763,0.9488905583613941,0.6133937438756379
1162.79296875,0.04809253113478895,0.9386921014680568,0.6594411201930449,0.1386934512505763,0.9488905583613941,0.6396358886384791
1205.859375,0.04809253113478895,0.9386921014680568,0.6839017121418309,0.1386934512505763,0.9488905583613941,0.6204335314256999
1248.92578125,0.04809253113478895,0.9386921014680568,0.7127302676352014,0.1386934512505763,0.9488905583613941,0.6084244199014646
1291.9921875,0.04809253113478895,0.9386921014680568,0.7169248398602426,0.1386934512505763,0.9488905583613941,0.6007954828646186
1335.05859375,0.04809253113478895,0.9386921014680568,0.6791777986152465,0.1386934512505763,0.9488905583613941,0.6268214755425328
1378.125,0.04809253113478895,0.9386921014680568,0.676511654201149,0.1386934512505763,0.9488905583613941,0.6383471564819722
1421.19140625,0.04809253113478895,0.9386921014680568,0.6733458514377437,0.1386934512505763,0.9488905583613941,0.6590245253463167
1464.2578125,0.04809253113478895,0.9386921014680568,0.6602225021233811,0.1386934512505763,0.9488905583613941,0.7059829044514522
1507.32421875,0.04809253113478895,0.9386921014680568,0.6161404821998994,0.1386934512505763,0.9488905583613941,0.7955805347824094
1550.390625,0.04809253113478895,0.9386921014680568,0.629552332862049,0.1386934512505763,0.9488905583613941,0.9228815267413284
1593.45703125,0.04809253113478895,0.9386921014680568,0.6518011961124954,0.1386934512505763,0.9488905583613941,1.0116659297362738
1636.5234375,0.04809253113478895,0.9386921014680568,0.6541458048408326,0.1386934512505763,0.9488905583613941,1.0939417672652207
1679.58984375,0.04809253113478895,0.9386921014680568,0.6509367501285246,0.1386934512505763,0.9488905583613941,1.2266729875267353
1722.65625,0.04809253113478895,0.9386921014680568,0.6684387694859674,0.1386934512505763,0.9488905583613941,1.122494133435389
1765.72265625,0.04809253113478895,0.9386921014680568,0.6883475335058418,0.1386934512505763,0.9488905583613941,0.9437224864308549
1808.7890625,0.04809253113478895,0.9386921014680568,0.6895906938267496,0.1386934512505763,0.9488905583613941,0.8426949939416816
1851.85546875,0.04809253113478895,0.9386921014680568,0.8209300693269956,0.1386934512505763,0.9488905583613941,0.690429891973037
1894.921875,0.04809253113478895,0.9386921014680568,0.9416544254270555,0.1386934512505763,0.9488905583613941,0.8999676166052167
1937.98828125,0.04809253113478895,0.9386921014680568,1.0903296471761574,0.1386934512505763,0.9488905583613941,1.0441026247482366
1981.0546875,0.04809253113478895,0.9386921014680568,1.200374471810249,0.1386934512505763,0.9488905583613941,1.1985301985860435
2024.12109375,0.04809253113478895,0.9386921014680568,1.2095308895269308,0.1386934512505763,0.9488905583613941,1.173641790138257
2067.1875,0.04809253113478895,0.9386921014680568,1.1486064800188804,0.1386934512505763,0.9488905583613941,0.9938191146856522
2110.25390625,0.04809253113478895,0.9386921014680568,1.0033905527469156,0.1386934512505763,0.9488905583613941,0.9266086018611773
2153.3203125,0.04809253113478895,0.9386921014680568,0.9912686991150698,0.1386934512505763,0.9488905583613941,0.7828089247680625
2196.38671875,0.04809253113478895,0.9386921014680568,0.9369986391422422,0.1386934512505763,0.9488905583613941,0.6859718046997182
2239.453125,0.04809253113478895,0.9386921014680568,0.8816435906122067,0.1386934512505763,0.9488905583613941,0.6213024636734233
2282.51953125,0.04809253113478895,0.9386921014680568,0.8592464594458401,0.1386934512505763,0.9488905583613941,0.5523628831534774
2325.5859375,0.04809253113478895,0.9386921014680568,0.9173065114424755,0.1386934512505763,0.9488905583613941,0.557442089991512
2368.65234375,0.04809253113478895,0.9386921014680568,1.0274003498472255,0.1386934512505763,0.9488905583613941,0.7065321129755837
2411.71875,0.04809253113478895,0.9386921014680568,1.2481176434528964,0.1386934512505763,0.9488905583613941,0.7770146105131247
2454.78515625,0.04809253113478895,0.9386921014680568,1.2543797235059284,0.1386934512505763,0.9488905583613941,0.9516237291820393
2497.8515625,0.04809253113478895,0.9386921014680568,1.0948127721919156,0.1386934512505763,0.9488905583613941,1.234477628178345
2540.91796875,0.04809253113478895,0.9386921014680568,1.0962767752991411,0.1386934512505763,0.9488905583613941,1.3831032132331944
2583.984375,0.04809253113478895,0.9386921014680568,1.054156390853954,0.1386934512505763,0.9488905583613941,1.3626653821757746
2627.05078125,0.04809253113478895,0.9386921014680568,1.0388695526790546,0.1386934512505763,0.9488905583613941,1.2422727686021915
2670.1171875,0.04809253113478895,0.9386921014680568,1.0413837722556238,0.1386934512505763,0.9488905583613941,1.0767792146954385
2713.18359375,0.04809253113478895,0.9386921014680568,0.9947852199136549,0.1386934512505763,0.9488905583613941,1.0226812283194675
2756.25,0.04809253113478895,0.9386921014680568,0.9904460886625298,0.1386934512505763,0.9488905583613941,1.07701760000425
2799.31640625,0.04809253113478895,0.9386921014680568,0.9051013999409551,0.1386934512505763,0.9488905583613941,1.12861551120737
2842.3828125,0.04809253113478895,0.9386921014680568,0.8999413233281258,0.1386934512505763,0.9488905583613941,1.234499255538776
2885.44921875,0.04809253113478895,0.9386921014680568,0.9106827827851102,0.1386934512505763,0.9488905583613941,1.3208529498890824
2928.515625,0.04809253113478895,0.9386921014680568,0.8466373334666536,0.1386934512505763,0.9488905583613941,1.28410243535986
2971.58203125,0.04809253113478895,0.9386921014680568,0.858847581110791,0.1386934512505763,0.9488905583613941,1.2568876853532673
3014.6484375,0.04809253113478895,0.9386921014680568,0.8503766106851065,0.1386934512505763,0.9488905583613941,1.2664337043226246
3057.71484375,0.04809253113478895,0.9386921014680568,0.8946255316324733,0.1386934512505763,0.9488905583613941,1.1747231854933495
3100.78125,0.04809253113478895,0.9386921014680568,1.004623987127856,0.1386934512505763,0.9488905583613941,1.195790680691308
3143.84765625,0.04809253113478895,0.9386921014680568,1.0450822357196938,0.1386934512505763,0.9488905583613941,1.102959707928211
3186.9140625,0.04809253113478895,0.9386921014680568,1.0444608316084187,0.1386934512505763,0.9488905583613941,1.0674422973526814
3229.98046875,0.04809253113478895,0.9386921014680568,0.9958831982150277,0.1386934512505763,0.9488905583613941,1.1527865458042632
3273.046875,0.04809253113478895,0.9386921014680568,0.9730304729404422,0.1386934512505763,0.9488905583613941,1.1438003621870398
3316.11328125,0.04809253113478895,0.9386921014680568,0.8416002353256269,0.1386934512505763,0.9488905583613941,1.087480495431965
3359.1796875,0.04809253113478895,0.9386921014680568,0.845020840326404,0.1386934512505763,0.9488905583613941,1.0501522005829877
3402.24609375,0.04809253113478895,0.9386921014680568,0.872233129319704,0.1386934512505763,0.9488905583613941,1.1592639240890041
3445.3125,0.04809253113478895,0.9386921014680568,0.9521175746143365,0.1386934512505763,0.9488905583613941,1.1233992041369794
3488.37890625,0.04809253113478895,0.9386921014680568,0.9880213006263706,0.1386934512505763,0.9488905583613941,1.165350654841832
3531.4453125,0.04809253113478895,0.9386921014680568,1.023422035921978,0.1386934512505763,0.9488905583613941,1.1218153405305353
3574.51171875,0.04809253113478895,0.9386921014680568,1.0755606473513941,0.1386934512505763,0.9488905583613941,1.0076729624970975
3617.578125,0.04809253113478895,0.9386921014680568,1.1134804325784522,0.1386934512505763,0.9488905583613941,1.2043772497089924
3660.64453125,0.04809253113478895,0.9386921014680568,1.1652669255119044,0.1386934512505763,0.9488905583613941,1.2606859136325415
3703.7109375,0.04809253113478895,0.9386921014680568,1.1419838722709255,0.1386934512505763,0.9488905583613941,1.1526299139774265
3746.77734375,0.04809253113478895,0.9386921014680568,1.125573459445028,0.1386934512505763,0.9488905583613941,1.2106128956563913
3789.84375,0.04809253113478895,0.9386921014680568,1.118717154810727,0.1386934512505763,0.9488905583613941,1.2411528047791034
3832.91015625,0.04809253113478895,0.9386921014680568,1.094540801171931,0.1386934512505763,0.9488905583613941,1.2435255360110222
3875.9765625,0.04809253113478895,0.9386921014680568,0.9230032411593146,0.1386934512505763,0.9488905583613941,1.1324280159538163
3919.04296875,0.04809253113478895,0.9386921014680568,0.9772063703985969,0.1386934512505763,0.9488905583613941,1.1449796248968969
3962.109375,0.04809253113478895,0.9386921014680568,0.973027792245364,0.1386934512505763,0.9488905583613941,1.152092154637941
4005.17578125,0.04809253113478895,0.9386921014680568,1.0518878914941836,0.1386934512505763,0.9488905583613941,1.097882327059046
4048.2421875,0.04809253113478895,0.9386921014680568,1.074886942666122,0.1386934512505763,0.9488905583613941,1.0376909153159237
4091.30859375,0.04809253113478895,0.9386921014680568,1.0587498702434637,0.1386934512505763,0.9488905583613941,1.0632217752289672
4134.375,0.04809253113478895,0.9386921014680568,0.9951015550229977,0.1386934512505763,0.9488905583613941,1.160829725683682
4177.44140625,0.04809253113478895,0.9386921014680568,1.0291392201064848,0.1386934512505763,0.9488905583613941,1.2296808844553793
4220.5078125,0.04809253113478895,0.9386921014680568,1.0350114680642448,0.1386934512505763,0.9488905583613941,1.3251283913527692
4263.57421875,0.04809253113478895,0.9386921014680568,1.100976431319408,0.1386934512505763,0.9488905583613941,1.2503400125544855
4306.640625,0.04809253113478895,0.9386921014680568,1.1529861496412437,0.1386934512505763,0.9488905583613941,1.1884047481697002
4349.70703125,0.04809253113478895,0.9386921014680568,1.0874709580393283,0.1386934512505763,0.9488905583613941,1.119176917825188
4392.7734375,0.04809253113478895,0.9386921014680568,1.1437933355103207,0.1386934512505763,0.9488905583613941,1.1483079530309734
4435.83984375,0.04809253113478895,0.9386921014680568,1.3061778892671585,0.1386934512505763,0.9488905583613941,1.2238339910665899
4478.90625,0.04809253113478895,0.9386921014680568,1.2472744468396457,0.1386934512505763,0.9488905583613941,1.2357285039953734
4521.97265625,0.04809253113478895,0.9386921014680568,1.2840817702169252,0.1386934512505763,0.9488905583613941,1.2975328776699075
4565.0390625,0.04809253113478895,0.9386921014680568,1.3427251376373102,0.1386934512505763,0.9488905583613941,1.259210773644575
4608.10546875,0.04809253113478895,0.9386921014680568,1.2866257074048633,0.1386934512505763,0.9488905583613941,1.346283277872538
4651.171875,0.04809253113478895,0.9386921014680568,1.1998799098290542,0.1386934512505763,0.9488905583613941,1.4248448198176926
4694.23828125,0.04809253113478895,0.9386921014680568,1.1169810495322017,0.1386934512505763,0.9488905583613941,1.3622816317360495
4737.3046875,0.04809253113478895,0.9386921014680568,1.1170072879842683,0.1386934512505763,0.9488905583613941,1.3994588045834906
4780.37109375,0.04809253113478895,0.9386921014680568,1.1137091605022782,0.1386934512505763,0.9488905583613941,1.411923615919972
4823.4375,0.04809253113478895,0.9386921014680568,1.083129388929562,0.1386934512505763,0.9488905583613941,1.367634827425286
4866.50390625,0.04809253113478895,0.9386921014680568,1.1214183768169863,0.1386934512505763,0.9488905583613941,1.3411591995870442
4909.5703125,0.04809253113478895,0.9386921014680568,1.1118916778473882,0.1386934512505763,0.9488905583613941,1.2971106214347634
4952.63671875,0.04809253113478895,0.9386921014680568,1.0675686274183076,0.1386934512505763,0.9488905583613941,1.2147752976974564
4995.703125,0.04809253113478895,0.9386921014680568,0.9397383618748578,0.1386934512505763,0.9488905583613941,1.0653482164228678
5038.76953125,0.04809253113478895,0.9386921014680568,0.9770330703440706,0.1386934512505763,0.9488905583613941,0.9139456840063712
5081.8359375,0.04809253113478895,0.9386921014680568,0.8645737110028703,0.1386934512505763,0.9488905583613941,0.872469277049382
5124.90234375,0.04809253113478895,0.9386921014680568,0.8946651739950346,0.1386934512505763,0.9488905583613941,0.9147734712670799
5167.96875,0.04809253113478895,0.9386921014680568,0.8293671191190335,0.1386934512505763,0.9488905583613941,0.9897598755886601
5211.03515625,0.04809253113478895,0.9386921014680568,0.8844837235835197,0.1386934512505763,0.9488905583613941,1.0054266519207213
5254.1015625,0.04809253113478895,0.9386921014680568,0.8651033414207245,0.1386934512505763,0.9488905583613941,1.0098072565830674
5297.16796875,0.04809253113478895,0.9386921014680568,1.0279888815870029,0.1386934512505763,0.9488905583613941,1.0955965944615655
5340.234375,0.04809253113478895,0.9386921014680568,0.8579106347775316,0.1386934512505763,0.9488905583613941,1.0606469044934181
5383.30078125,0.04809253113478895,0.9386921014680568,0.7953772324375357,0.1386934512505763,0.9488905583613941,1.0637605159727135
5426.3671875,0.04809253113478895,0.9386921014680568,0.8659584778631273,0.1386934512505763,0.9488905583613941,1.076456327078405
5469.43359375,0.04809253113478895,0.9386921014680568,0.9565454112330318,0.1386934512505763,0.9488905583613941,1.0774139913996479
5512.5,0.04809253113478895,0.9386921014680568,0.967876359790843,0.1386934512505763,0.9488905583613941,1.0124168387059365
5555.56640625,0.04809253113478895,0.9386921014680568,1.0110353171995365,0.1386934512505763,0.9488905583613941,0.9609041414473016
5598.6328125,0.04809253113478895,0.9386921014680568,1.0995273724437198,0.1386934512505763,0.9488905583613941,0.8606974863894711
5641.69921875,0.04809253113478895,0.9386921014680568,1.0592654174110547,0.1386934512505763,0.9488905583613941,0.8447651195726792
5684.765625,0.04809253113478895,0.9386921014680568,1.0219256661896705,0.1386934512505763,0.9488905583613941,0.7860485418614342
5727.83203125,0.04809253113478895,0.9386921014680568,1.1727536300393189,0.1386934512505763,0.9488905583613941,0.7958841112525176
5770.8984375,0.04809253113478895,0.9386921014680568,1.1071222679758415,0.1386934512505763,0.9488905583613941,0.8237360688769907
5813.96484375,0.04809253113478895,0.9386921014680568,1.1871639171357864,0.1386934512505763,0.9488905583613941,0.8171120533145199
5857.03125,0.04809253113478895,0.9386921014680568,1.2022484240986109,0.1386934512505763,0.9488905583613941,0.7855693304081738
5900.09765625,0.04809253113478895,0.9386921014680568,1.1580152070985683,0.1386934512505763,0.9488905583613941,0.7390430752825944
5943.1640625,0.04809253113478895,0.9386921014680568,1.2019108944759886,0.1386934512505763,0.9488905583613941,0.716423565504158
5986.23046875,0.04809253113478895,0.9386921014680568,1.155598243152537,0.1386934512505763,0.9488905583613941,0.6623834016277823
6029.296875,0.04809253113478895,0.9386921014680568,1.0363896765633493,0.1386934512505763,0.9488905583613941,0.6410884042207958
6072.36328125,0.04809253113478895,0.9386921014680568,1.0699581122970971,0.1386934512505763,0.9488905583613941,0.6274530942787708
6115.4296875,0.04809253113478895,0.9386921014680568,1.157107701275737,0.1386934512505763,0.9488905583613941,0.630565719319526
6158.49609375,0.04809253113478895,0.9386921014680568,1.2492960937561204,0.1386934512505763,0.9488905583613941,0.6660431746850568
6201.5625,0.04809253113478895,0.9386921014680568,1.1926123714844203,0.1386934512505763,0.9488905583613941,0.6735787524662443
6244.62890625,0.04809253113478895,0.9386921014680568,1.1978946342972643,0.1386934512505763,0.9488905583613941,0.6680812578055886
6287.6953125,0.04809253113478895,0.9386921014680568,1.1304750993080688,0.1386934512505763,0.9488905583613941,0.711863339395361
6330.76171875,0.04809253113478895,0.9386921014680568,1.1095954866991309,0.1386934512505763,0.9488905583613941,0.7082942307031813
6373.828125,0.04809253113478895,0.9386921014680568,1.1212498721648132,0.1386934512505763,0.9488905583613941,0.6862159955333781
6416.89453125,0.04809253113478895,0.9386921014680568,1.0893679155767209,0.1386934512505763,0.9488905583613941,0.7052659218407424
6459.9609375,0.04809253113478895,0.9386921014680568,1.083983997094274,0.1386934512505763,0.9488905583613941,0.7017670298443667
6503.02734375,0.04809253113478895,0.9386921014680568,1.1060646806146024,0.1386934512505763,0.9488905583613941,0.6423333309381192
6546.09375,0.04809253113478895,0.9386921014680568,1.111836557348265,0.1386934512505763,0.9488905583613941,0.6785963170620656
6589.16015625,0.04809253113478895,0.9386921014680568,1.0561374430260677,0.1386934512505763,0.9488905583613941,0.6906969561880347
6632.2265625,0.04809253113478895,0.9386921014680568,1.1379611240434377,0.1386934512505763,0.9488905583613941,0.6829415568939958
6675.29296875,0.04809253113478895,0.9386921014680568,1.0482839611222527,0.1386934512505763,0.9488905583613941,0.69250633466466
6718.359375,0.04809253113478895,0.9386921014680568,1.1118303764062565,0.1386934512505763,0.9488905583613941,0.706769144946449
6761.42578125,0.04809253113478895,0.9386921014680568,1.0827424418128828,0.1386934512505763,0.9488905583613941,0.6736687365371772
6804.4921875,0.04809253113478895,0.9386921014680568,1.0852952251359458,0.1386934512505763,0.9488905583613941,0.659254881177573
6847.55859375,0.04809253113478895,0.9386921014680568,1.0344205749248554,0.1386934512505763,0.9488905583613941,0.6487228475399275
6890.625,0.04809253113478895,0.9386921014680568,0.9611086523647941,0.1386934512505763,0.9488905583613941,0.5959735663803809
6933.69140625,0.04809253113478895,0.9386921014680568,1.0642780886106238,0.1386934512505763,0.9488905583613941,0.6321422261275172
6976.7578125,0.04809253113478895,0.9386921014680568,0.9856515032883373,0.1386934512505763,0.9488905583613941,0.6289488563140195
7019.82421875,0.04809253113478895,0.9386921014680568,1.0174376211119696,0.1386934512505763,0.9488905583613941,0.6571240490468594
7062.890625,0.04809253113478895,0.9386921014680568,0.9720421877232885,0.1386934512505763,0.9488905583613941,0.6675785197950943
7105.95703125,0.04809253113478895,0.9386921014680568,0.983764060288266,0.1386934512505763,0.9488905583613941,0.6682376517767366
7149.0234375,0.04809253113478895,0.9386921014680568,0.9573373677317035,0.1386934512505763,0.9488905583613941,0.7180396515089763
7192.08984375,0.04809253113478895,0.9386921014680568,0.9747112501292332,0.1386934512505763,0.9488905583613941,0.7335828345197086
7235.15625,0.04809253113478895,0.9386921014680568,1.0145341563222083,0.1386934512505763,0.9488905583613941,0.7036953683529695
7278.22265625,0.04809253113478895,0.9386921014680568,0.9612680365397196,0.1386934512505763,0.9488905583613941,0.7116012395421291
7321.2890625,0.04809253113478895,0.9386921014680568,0.9108567609976909,0.1386934512505763,0.9488905583613941,0.7079671537656975
7364.35546875,0.04809253113478895,0.9386921014680568,0.8995772447634379,0.1386934512505763,0.9488905583613941,0.7071448247799927
7407.421875,0.04809253113478895,0.9386921014680568,0.9079549315037749,0.1386934512505763,0.9488905583613941,0.7430564990265652
7450.48828125,0.04809253113478895,0.9386921014680568,0.8954218531432433,0.1386934512505763,0.9488905583613941,0.7749194622185406
7493.5546875,0.04809253113478895,0.9386921014680568,0.9055434910149933,0.1386934512505763,0.9488905583613941,0.7667273372849367
7536.62109375,0.04809253113478895,0.9386921014680568,0.925794575413481,0.1386934512505763,0.9488905583613941,0.7567849566104291
7579.6875,0.04809253113478895,0.9386921014680568,0.9683787669140685,0.1386934512505763,0.9488905583613941,0.7338129905286526
7622.75390625,0.04809253113478895,0.9386921014680568,1.0957459489923485,0.1386934512505763,0.9488905583613941,0.6903596945425988
7665.8203125,0.04809253113478895,0.9386921014680568,1.1117544847745378,0.1386934512505763,0.9488905583613941,0.6599106321388768
7708.88671875,0.04809253113478895,0.9386921014680568,1.1863848843136142,0.1386934512505763,0.9488905583613941,0.6687677074354865
7751.953125,0.04809253113478895,0.9386921014680568,1.1358918260016726,0.1386934512505763,0.9488905583613941,0.6484496244641182
7795.01953125,0.04809253113478895,0.9386921014680568,1.195308437955104,0.1386934512505763,0.9488905583613941,0.6626621594049873
7838.0859375,0.04809253113478895,0.9386921014680568,1.027799482772398,0.1386934512505763,0.9488905583613941,0.6646798150678859
7881.15234375,0.04809253113478895,0.9386921014680568,0.8473289081847216,0.1386934512505763,0.9488905583613941,0.6526779763485141
7924.21875,0.04809253113478895,0.9386921014680568,0.8581032753240333,0.1386934512505763,0.9488905583613941,0.6447669291860602
7967.28515625,0.04809253113478895,0.9386921014680568,0.9490180399196272,0.1386934512505763,0.9488905583613941,0.6234044899674273
8010.3515625,0.04809253113478895,0.9386921014680568,1.0305888836936927,0.1386934512505763,0.9488905583613941,0.6351264462055908
8053.41796875,0.04809253113478895,0.9386921014680568,1.0738950912890055,0.1386934512505763,0.9488905583613941,0.6189996343514819
8096.484375,0.04809253113478895,0.9386921014680568,1.1852936418788882,0.1386934512505763,0.9488905583613941,0.6367808807243661
8139.55078125,0.04809253113478895,0.9386921014680568,1.2488236417907275,0.1386934512505763,0.9488905583613941,0.6038247093184304
8182.6171875,0.04809253113478895,0.9386921014680568,1.337764199182288,0.1386934512505763,0.9488905583613941,0.6120344952067595
8225.68359375,0.04809253113478895,0.9386921014680568,1.3141509914389176,0.1386934512505763,0.9488905583613941,0.6067445060414144
8268.75,0.04809253113478895,0.9386921014680568,1.356743969526017,0.1386934512505763,0.9488905583613941,0.6120639478827568
8311.81640625,0.04809253113478895,0.9386921014680568,1.2914121011253472,0.1386934512505763,0.9488905583613941,0.6291863549835229
8354.8828125,0.04809253113478895,0.9386921014680568,1.1287523259785919,0.1386934512505763,0.9488905583613941,0.6412287405401713
8397.94921875,0.04809253113478895,0.9386921014680568,0.8965633181966308,0.1386934512505763,0.9488905583613941,0.6453804024386792
8441.015625,0.04809253113478895,0.9386921014680568,0.8084390217598942,0.1386934512505763,0.9488905583613941,0.6393286524347226
8484.08203125,0.04809253113478895,0.9386921014680568,0.7473282454937957,0.1386934512505763,0.9488905583613941,0.6318922355687667
8527.1484375,0.04809253113478895,0.9386921014680568,0.7319500489804288,0.1386934512505763,0.9488905583613941,0.6314230652249848
8570.21484375,0.04809253113478895,0.9386921014680568,0.7200851601004961,0.1386934512505763,0.9488905583613941,0.6254318240646682
8613.28125,0.04809253113478895,0.9386921014680568,0.722803428762367,0.1386934512505763,0.9488905583613941,0.6207636393325131
8656.34765625,0.04809253113478895,0.9386921014680568,0.7064899856609131,0.1386934512505763,0.9488905583613941,0.6155531720349207
8699.4140625,0.04809253113478895,0.9386921014680568,0.7169908209293928,0.1386934512505763,0.9488905583613941,0.6147227653477773
8742.48046875,0.04809253113478895,0.9386921014680568,0.739529381838463,0.1386934512505763,0.9488905583613941,0.5999371423672464
8785.546875,0.04809253113478895,0.9386921014680568,0.7469723007266466,0.1386934512505763,0.9488905583613941,0.6236772005636837
8828.61328125,0.04809253113478895,0.9386921014680568,0.7639327578828495,0.1386934512505763,0.9488905583613941,0.6381137070535398
8871.6796875,0.04809253113478895,0.9386921014680568,0.7587805153297974,0.1386934512505763,0.9488905583613941,0.6569955360425103
8914.74609375,0.04809253113478895,0.9386921014680568,0.7381462722556902,0.1386934512505763,0.9488905583613941,0.7100356588943864
8957.8125,0.04809253113478895,0.9386921014680568,0.7009231858480061,0.1386934512505763,0.9488905583613941,0.7023259493808178
9000.87890625,0.04809253113478895,0.9386921014680568,0.6925150152529025,0.1386934512505763,0.9488905583613941,0.6860866435559475
9043.9453125,0.04809253113478895,0.9386921014680568,0.6760944663158602,0.1386934512505763,0.9488905583613941,0.7037923455276254
9087.01171875,0.04809253113478895,0.9386921014680568,0.6574228423025378,0.1386934512505763,0.9488905583613941,0.7016165702512149
9130.078125,0.04809253113478895,0.9386921014680568,0.6537584146565554,0.1386934512505763,0.9488905583613941,0.6707386777154636
9173.14453125,0.04809253113478895,0.9386921014680568,0.6559921156221635,0.1386934512505763,0.9488905583613941,0.6886382827843186
9216.2109375,0.04809253113478895,0.9386921014680568,0.6215160050590176,0.1386934512505763,0.9488905583613941,0.687317842821028
9259.27734375,0.04809253113478895,0.9386921014680568,0.6256232996166781,0.1386934512505763,0.9488905583613941,0.6499917773694643
9302.34375,0.04809253113478895,0.9386921014680568,0.6341875756809849,0.1386934512505763,0.9488905583613941,0.6399241970282273
9345.41015625,0.04809253113478895,0.9386921014680568,0.6459967736865337,0.1386934512505763,0.9488905583613941,0.6469227218127245
9388.4765625,0.04809253113478895,0.9386921014680568,0.6400278336673844,0.1386934512505763,0.9488905583613941,0.6505954785549679
9431.54296875,0.04809253113478895,0.9386921014680568,0.6377908090462534,0.1386934512505763,0.9488905583613941,0.6443757065899581
9474.609375,0.04809253113478895,0.9386921014680568,0.6316917816220876,0.1386934512505763,0.9488905583613941,0.6600018612342191
9517.67578125,0.04809253113478895,0.9386921014680568,0.6227284144584484,0.1386934512505763,0.9488905583613941,0.650551825685419
9560.7421875,0.04809253113478895,0.9386921014680568,0.610654841211198,0.1386934512505763,0.9488905583613941,0.6344518012701329
9603.80859375,0.04809253113478895,0.9386921014680568,0.6227211023262733,0.1386934512505763,0.9488905583613941,0.6331618904631736
9646.875,0.04809253113478895,0.9386921014680568,0.6155785158628457,0.1386934512505763,0.9488905583613941,0.6212548092127739
9689.94140625,0.04809253113478895,0.9386921014680568,0.6307137361308813,0.1386934512505763,0.9488905583613941,0.6823048228957612
9733.0078125,0.04809253113478895,0.9386921014680568,0.6294301406994429,0.1386934512505763,0.9488905583613941,0.6948066144449246
9776.07421875,0.04809253113478895,0.9386921014680568,0.6403942023591018,0.1386934512505763,0.9488905583613941,0.6905616265915976
9819.140625,0.04809253113478895,0.9386921014680568,0.6241929944783257,0.1386934512505763,0.9488905583613941,0.7126781191230913
9862.20703125,0.04809253113478895,0.9386921014680568,0.6226464635799288,0.1386934512505763,0.9488905583613941,0.705330116697086
9905.2734375,0.04809253113478895,0.9386921014680568,0.6060617577212989,0.1386934512505763,0.9488905583613941,0.6453915852879852
9948.33984375,0.04809253113478895,0.9386921014680568,0.6050748077785985,0.1386934512505763,0.9488905583613941,0.664134040779975
9991.40625,0.04809253113478895,0.9386921014680568,0.6163998476187189,0.1386934512505763,0.9488905583613941,0.6715008978261742
10034.47265625,0.04809253113478895,0.9386921014680568,0.6251803378637585,0.1386934512505763,0.9488905583613941,0.6814015241180224
10077.5390625,0.04809253113478895,0.9386921014680568,0.6441055515275389,0.1386934512505763,0.9488905583613941,0.6456071215090582
10120.60546875,0.04809253113478895,0.9386921014680568,0.6714589651895987,0.1386934512505763,0.9488905583613941,0.6607109774802096
10163.671875,0.04809253113478895,0.9386921014680568,0.6834058727193869,0.1386934512505763,0.9488905583613941,0.639660877184786
10206.73828125,0.04809253113478895,0.9386921014680568,0.7015837835237357,0.1386934512505763,0.9488905583613941,0.649520140687272
10249.8046875,0.04809253113478895,0.9386921014680568,0.7416405577189071,0.1386934512505763,0.9488905583613941,0.6766527499500704
10292.87109375,0.04809253113478895,0.9386921014680568,0.7074662309111933,0.1386934512505763,0.9488905583613941,0.7339697140734825
10335.9375,0.04809253113478895,0.9386921014680568,0.7330974074573059,0.1386934512505763,0.9488905583613941,0.7865029737463506
10379.00390625,0.04809253113478895,0.9386921014680568,0.7776015611455318,0.1386934512505763,0.9488905583613941,0.6812309317825279
10422.0703125,0.04809253113478895,0.9386921014680568,0.8358609158218248,0.1386934512505763,0.9488905583613941,0.707591865870093
10465.13671875,0.04809253113478895,0.9386921014680568,0.9721217132483052,0.1386934512505763,0.9488905583613941,0.7794226910823481
10508.203125,0.04809253113478895,0.9386921014680568,0.8738587029601724,0.1386934512505763,0.9488905583613941,0.7149171327205641
10551.26953125,0.04809253113478895,0.9386921014680568,0.7515196455453408,0.1386934512505763,0.9488905583613941,0.7166032899295796
10594.3359375,0.04809253113478895,0.9386921014680568,0.8137844526841532,0.1386934512505763,0.9488905583613941,0.7452317257527783
10637.40234375,0.04809253113478895,0.9386921014680568,0.9224819768807038,0.1386934512505763,0.9488905583613941,0.8213206287047792
10680.46875,0.04809253113478895,0.9386921014680568,1.096609324152713,0.1386934512505763,0.9488905583613941,0.8671646428484158
10723.53515625,0.04809253113478895,0.9386921014680568,1.1756563241857243,0.1386934512505763,0.9488905583613941,0.8343375459603922
10766.6015625,0.04809253113478895,0.9386921014680568,1.003545257291523,0.1386934512505763,0.9488905583613941,0.9020939034132567
10809.66796875,0.04809253113478895,0.9386921014680568,1.018135837453794,0.1386934512505763,0.9488905583613941,0.9493393997456928
10852.734375,0.04809253113478895,0.9386921014680568,0.9780557573028518,0.1386934512505763,0.9488905583613941,0.9567062459510515
10895.80078125,0.04809253113478895,0.9386921014680568,0.9386426552002614,0.1386934512505763,0.9488905583613941,0.9652639353042545
10938.8671875,0.04809253113478895,0.9386921014680568,0.942613205380805,0.1386934512505763,0.9488905583613941,0.9714386272352419
10981.93359375,0.04809253113478895,0.9386921014680568,0.9454471001751151,0.1386934512505763,0.9488905583613941,0.9723866717061443
